/*
SQLyog Ultimate v13.1.1 (64 bit)
MySQL - 8.0.26 : Database - question
*********************************************************************
*/

/*!40101 SET NAMES utf8 */;

/*!40101 SET SQL_MODE=''*/;

/*!40014 SET @OLD_UNIQUE_CHECKS=@@UNIQUE_CHECKS, UNIQUE_CHECKS=0 */;
/*!40014 SET @OLD_FOREIGN_KEY_CHECKS=@@FOREIGN_KEY_CHECKS, FOREIGN_KEY_CHECKS=0 */;
/*!40101 SET @OLD_SQL_MODE=@@SQL_MODE, SQL_MODE='NO_AUTO_VALUE_ON_ZERO' */;
/*!40111 SET @OLD_SQL_NOTES=@@SQL_NOTES, SQL_NOTES=0 */;
CREATE DATABASE /*!32312 IF NOT EXISTS*/`question` /*!40100 DEFAULT CHARACTER SET utf8mb4 COLLATE utf8mb4_0900_ai_ci */ /*!80016 DEFAULT ENCRYPTION='N' */;

USE `question`;

/*Table structure for table `bx_answer` */

DROP TABLE IF EXISTS `bx_answer`;

CREATE TABLE `bx_answer` (
  `bx_id` int DEFAULT NULL,
  `question_id` int DEFAULT NULL,
  `bx_Oontent` varchar(1024) DEFAULT NULL,
  `bx_Order` int DEFAULT NULL
) ENGINE=InnoDB DEFAULT CHARSET=utf8mb4 COLLATE=utf8mb4_0900_ai_ci;

/*Data for the table `bx_answer` */

insert  into `bx_answer`(`bx_id`,`question_id`,`bx_Oontent`,`bx_Order`) values 
(1,1,'可供出售金融资产持有期间发生的非减值性公允价值变动',1),
(2,1,' 企业收到投资者出资额超出其在注册资本或股本中所占份额的部分',2),
(3,1,' 权益法下长期股权投资按持股比例享有被投资单位发生的净亏损．',3),
(4,1,'回购股票支付的总价款低于面值总额的，所注销库存股的账面余额与所冲减股本的差额',4),
(5,2,'509．27',1),
(6,2,'1104．27',2),
(7,2,'4009．27',3),
(8,2,'590．27',4),
(9,3,' 711．13',1),
(10,3,' 840．51',2),
(11,3,' 594．82',3),
(12,3,'402.56',4),
(13,4,'0．62元',1),
(14,4,'0．64元',2),
(15,4,'0．67元',3),
(16,4,'0．76元',4),
(17,5,'虚报、瞒报统计资料',1),
(18,5,'伪造、篡改统计资料',2),
(19,5,' 拒报、迟报统计资料',3),
(20,5,'以任何方式要求任何单位和个人提供不真实的统计资料',4),
(21,6,'67．5',1),
(22,6,'22．5',2),
(23,6,'40',3),
(24,6,'90',4),
(25,7,'受益人不同',1),
(26,7,'开证申请人不同',2),
(27,7,'开证行所承担的付款责任不同',3),
(28,7,'开证行不同',4),
(29,8,'《统计法》',1),
(30,8,'《统计法实施细则》',2),
(31,8,'《统计违法违纪行为处分规定》',3),
(32,8,NULL,4),
(33,9,NULL,NULL),
(34,9,NULL,NULL),
(35,9,NULL,NULL),
(36,9,NULL,NULL),
(37,24,'71万',1),
(38,24,'75万',2),
(39,24,'77万',3),
(40,24,'79万',4),
(NULL,NULL,NULL,NULL),
(NULL,NULL,NULL,NULL);

/*Table structure for table `manager` */

DROP TABLE IF EXISTS `manager`;

CREATE TABLE `manager` (
  `uid` int NOT NULL AUTO_INCREMENT,
  `contectInfo` varchar(50) CHARACTER SET utf8mb4 COLLATE utf8mb4_0900_ai_ci NOT NULL,
  `pass` varchar(50) CHARACTER SET utf8mb4 COLLATE utf8mb4_0900_ai_ci NOT NULL,
  `name` varchar(50) NOT NULL,
  PRIMARY KEY (`uid`)
) ENGINE=InnoDB AUTO_INCREMENT=10 DEFAULT CHARSET=utf8mb4 COLLATE=utf8mb4_0900_ai_ci;

/*Data for the table `manager` */

insert  into `manager`(`uid`,`contectInfo`,`pass`,`name`) values 
(3,'18835381591','123456','lala'),
(4,'18835381122','123456','lalala'),
(5,'18835381234','123456','haha'),
(6,'18835351234','123456','haha'),
(7,'18835381591','123456','hahaha'),
(8,'18835353535','123456','hahaha'),
(9,'2379303233@qq.com','123456','嘻嘻');

/*Table structure for table `question` */

DROP TABLE IF EXISTS `question`;

CREATE TABLE `question` (
  `question_id` int DEFAULT NULL,
  `catagory_id` int DEFAULT NULL,
  `question_Title` varchar(1024) DEFAULT NULL,
  `type` int DEFAULT NULL,
  `answer` varchar(180) DEFAULT NULL,
  `analysis` varchar(1024) DEFAULT NULL
) ENGINE=InnoDB DEFAULT CHARSET=utf8mb4 COLLATE=utf8mb4_0900_ai_ci;

/*Data for the table `question` */

insert  into `question`(`question_id`,`catagory_id`,`question_Title`,`type`,`answer`,`analysis`) values 
(1,16,'下列各项中，不应通过所有者权益科目核算的是（　　）',0,'0,0,1,0','本题考核所有者权益类科目的核算内容。选项C应该是通过“投资收益”核算。'),
(2,17,' 某商业零售企业为增值税小规模纳税人，该企业本月应缴纳的增值税为（　　）元。',0,'0,0,0,1','小规模纳税人增值税采用简易办法征收，进项税额一般不得抵扣。增值税纳税人2011年12月1日以后初次购买增值税税控系统专用设备支付的费用，可凭购买增值税税控系统专用设备取得的增值税专用发票，在增值税应纳税额中全额抵减(抵减额为价税合计额)，不足抵减的可结转下期继续抵减。'),
(3,18,'某投资项目的项目期限为5年，投资期为1年，投产后每年的现金净流量均为1500万元，原始投资额现值为2500万元，资本成本率为10％，(P／A，10％，4)＝3．1699，(P／A，10％，5)＝3．7908，则该项目年金净流量为（　　）万元。',0,'1,0,0,0','项目的净现值＝1500×(P／A，10％，4)／(1＋10％)－2500＝1500×3．1699／1．1—2500＝1822．59(万元)。项目年金净流量＝项目的净现值／年金现值系数＝1822．59／3．7908＝480．79(万元)。'),
(4,19,' 2011年)甲公司20×0年1月1日发行在外的普通股为27000万股，甲公司发生的与其权益性工具相关的交易或事项如下：',0,'0,1,0,0','基本每股收益＝18000/(27000+27000/10-6000×1/12)＝0．62(元)'),
(5,20,'《统计法》规定，统计人员应当依法履行职责，如实搜集、报送统计资料，不得（　）。',1,'0,0,0,0','本题暂无解析'),
(6,21,'某商场采用售价金额核算法对库存商品进行核算。本月月初库存商品进价成本总额40万元，售价总额55万元；本月购进商品进价成本总额50万元，售价总额65万元；本月销售商品售价总额90万元。则期末结存商品的成本为(　　)万元。',0,'0,0,0,1','有关计算如下：'),
(7,25,'与一般信用证相比，备用信用证的特点在于（　　）。',0,'0,1,0,0','相比一般信用证，两者的不同有：①一般商业信用证仅在受益人提交有关单据证明其已履行基础交易义务时，开证行才支付信用证项下的款项；备用信用证则是在受益人提供单据证明债务人未履行基础交易的义务时，开证行才支付信用证项下的款项。②一般商业信用证开证行愿意按信用证的规定向受益人开出的汇票及单据付款，因为这表明买卖双方的基础交易关系正常进行；备用信用证的开证行则不希望按信用证的规定向受益人开出的汇票及单据付款，因为这表明买卖双方的交易出现了问题。③一般商业信用证总是以货物的进口方为开证申请人，以出口方为受益人；而备用信用证的开证申请人与受益人既可以是进口方，也可以是出口方。故选择A选项。'),
(8,26,'统计违法案件查处程序的依据是（　）',0,'0,0,1,0','查处统计违法案件是实施统计监督检查的一种重要方式。统计违法案件查处程序，是指统计监督检查机关，包括国家统计局及其派出的调查队、县级以上地方各级人民政府统计机构，在查办统计违法案件时所应遵循的基本步骤和先后次序。《统计执法检查规定》对此作出具体的规定，是统计违法案件查处程序的依据。 '),
(9,27,' 我国把旅游业作为国民经济新的增长点是在（　　）确定的。',0,'0,0,0,0','本题暂无解析'),
(10,29,'会议工作人员的选拔应遵循特定的标准、方法和（　　）。',0,'0,0,0,0','本题暂无解析'),
(11,30,'“文件夹选项”对话框中的“文件类型”选项卡是用来设置（　　）。',0,'0,0,0,0','本题暂无解析'),
(12,31,' 网络故障需按照协议层次进行分层诊断，找出故障原因并进行相应处理。查看路由器的端ISI状态、协议建立状态和EIA状态属于(36)诊断。 ',0,'1,0,0,0','要点解析：物理层是0S1参考模型最基础的一层，它建立在通信媒体的基础上，实现系统和通信媒体的物理接口，为数据链路实体之间进行透明的比特传输，为建立、保持和拆除计算机和网络之间的物理连接提供服务。物理层的故障主要表现为设备的物理连接方式是否恰当；连接电缆是否正确。确定路由器端口物理连接是否完好的最佳方法是使用showinterface命令，检查每个端口的状态，解释屏幕输出信息，查看端口状态、协议建立状态和EIA状态。 '),
(13,32,'下列关于Oracle数据库物理存储的叙述中，不正确的是（　　） 。',0,'','本题暂无解析'),
(14,33,'下列关于IEEE802.11标准的描述中，错误的是',0,'0,0,0,1','IEEE802.11无线传输的频道定义在2.4GHz的ISM波段内'),
(15,34,'下列有关存储器的叙述中，正确的是（　）。',0,'0,0,0,1','本题考查存储器中的外存储器，简称外存，用来存放当前暂时不需要参与运行的程序和数据，以及需要长久保存的信息。CPU不能直接访问外存，外存中的信息必须调入主存后才能被处理。 '),
(16,35,' 下列说法对应不正确的是（　　）。',0,'0,0,0,1','弗雷德里克•温斯洛•泰勒，美国著名管理学家、经济学家，被后世称为“科学管理之父”，其代表作为《科学管理原理》。“现代管理学之父”是彼得•德鲁克，著有《管理实践》。马克斯•韦伯是德国著名古典管理理论学家、经济学家和社会学家，19世纪末20世纪初西方社会科学界最有影响的理论大师之一，被尊称为“组织理论之父”，著有《社会和经济组织的理论》。亨利•法约尔是法国科学管理专家，西方古典管理理论在法国的最杰出代表管理学先驱之一，被称为“管理过程之父”；而巴纳德是社会系统体系创始人，著有《经理人员的职能》《组织与管理》。故选D。'),
(17,36,'“口号”用于政治动员是“古已有之”。陈胜、吴广的“大楚兴，陈胜王”。李自成的“迎闯王．不纳粮”，无不发挥着鼓动人心的作用。但从口号的使用密度、强度及其发挥的巨大功能而言．20世纪20年代那一场国民革命无疑具有划时代的意义。正是在这场革命中，组织者第一次有意识地、大规模精心运用各种形式的标语口号，编制革命话语，动员一般民众，掀起了革命的滔天巨浪，搅动了整个中国社会的各个阶层。自此，IZl号成了各种革命和运动中必不可少的动员手段。即使到了和平建设时期，我们仍在用口号来动员群众，汲取资源，推行政策。 对文中划线句子理解正确的是：',0,'0,1,0,0','划线句子承上启下。由后文的“自此，口号成了各种革命和运动中必不可少的动员手段”可知．B项正确．'),
(18,37,'党和国家到2020年的奋斗目标是（　　）。',0,'0,1,0,0','全面建设小康社会是我们党和国家到2020年的奋斗目标，是全国各族人民根本利益所在，必须坚定不移地为之奋斗。'),
(19,38,'某科室共有8人，现在需要抽出两个2人的小组到不同的下级单位检查工作，问共有多少种不同的安排方案？（　）',0,'0,0,0,1','基本的排列组合先从8个人里面选出2个人，共有28种情况，再从剩下的6人里面选出2人，共有15种情况，相乘等于420，注意是不同的2个下级单位，所以还有乘以2倍。即为420。'),
(20,39,' 五支曲棍球队进行循环赛，即每两个队之间都要赛一场。每场比赛胜者得2分，输者得0分，平局两队各得1分。比赛结果各队得分互不相同，并且 (1)第一名的队没有平过； (2)第二名的队没有输过； (3)第四名的队没有胜过。 问：全部比赛共平过几场?（　　）',0,'0,0,0,1','共赛l0场，总分为20分。由(1)(2)知，第一名负于第二名，所以第一名至多得6分。又由6+5+4+3+2=20推知，第一名至第五名的得分依次为6、5、4、3、2分。第一名得6分，负于第二名，胜第三、四、五名；第二名得5分，胜第一名，平三、四、五名；'),
(21,40,' The information in the first paragraph is presented mainly through',0,'0,0,1,0','C题干意为“第一段主要以何种方式陈述的?”根据第一段的陈述方式，并没有列出数据或者讲故事，而是通过描述共性而阐述出核心家庭的概念。因此C“指出相似性”是正确的答案。'),
(22,41,'某资本家投资100万元，每次投资所获得的利润为25万元，假定其资本有机构成为4：1，那么该资本家每次投资所实现的剩余价值率为（　　）',0,'0,0,0,1','该题是考查政治经济学中的剩余价值率。剩余价值率m‘=m，利润与剩余价值在量上是一样的，都是25万元，资本有机构成为c：v=4：1，全部预付资本c+v为100万元，所以可变资本v为20万元，因此剩余价值率m’=25/20=125%，D为正确答案。'),
(23,16,' 甲事业单位经过根据批准的部门审核后，应贷记的会计科目是（　　）。',0,'0,0,0,1','本题考核事业单位的财政直接支付。财政直接支付方式下的分录为：'),
(24,16,'2014年度企业实现利润总额300万元，2014年该企业应确认所得税费用为（　　）万元。',0,'0,0,1,0','本题考核所得税费用的计算。股票收益、处置固定资产收益、因违约支付的罚款，都无需进行纳税调整，因此影响所得税费用计算的纳税调整事项就是国债利息收入和税收滞纳金罚款。所得税费用=(300-2+10)×25％=77(万元)。'),
(25,16,'甲企业发生改建支出65万元，被替换部分的账面价值为10万元，取得变价收入12万元。则改建后该项固定资产的入账价值是（　　）万元。',0,'0,0,0,1','本题考核固定资产的人账价值。改扩建是在原固定资产账面价值基础上来进行计算的，发生的改建支出增加固定资产的人账价值，被替换部分的账面价值和取得的变价收入冲减固定资产的人账价值，所以本题中改扩建后固定资产的入账价值为100-50+65-10-12=93(万元)。'),
(26,31,' 网络故障需按照协议层次进行分层诊断，找出故障原因并进行相应处理。查看路由器的端ISI状态、协议建立状态和EIA状态属于()诊断。',0,'1,0,0,0',' 网络故障需按照协议层次进行分层诊断，找出故障原因并进行相应处理。查看路由器的端ISI状态、协议建立状态和EIA状态属于(36)诊断。'),
(27,30,'种植、自启动、隐藏是木马程序的三大关键技术。在Windows操作系统中，为避免用户发现木马的存在，较好的隐藏方法是()。',1,'0,0,1,0','本题暂无解析'),
(28,30,'文件夹选项”对话框中的“文件类型”选项卡是用来设置（　　）',1,'0,0,1,0','本题暂无解析');

/*Table structure for table `question_catagory` */

DROP TABLE IF EXISTS `question_catagory`;

CREATE TABLE `question_catagory` (
  `catagory_id` int DEFAULT NULL,
  `parent_id` int DEFAULT NULL,
  `catagory_name` varchar(90) DEFAULT NULL,
  `shunxu` int DEFAULT NULL,
  `father_cid` int DEFAULT NULL
) ENGINE=InnoDB DEFAULT CHARSET=utf8mb4 COLLATE=utf8mb4_0900_ai_ci;

/*Data for the table `question_catagory` */

insert  into `question_catagory`(`catagory_id`,`parent_id`,`catagory_name`,`shunxu`,`father_cid`) values 
(10,NULL,'财经类',1,NULL),
(11,NULL,'资格类',2,NULL),
(12,NULL,'计算机',3,NULL),
(13,NULL,'招录类',4,NULL),
(14,NULL,'学历类',5,NULL),
(15,NULL,'医学类',6,NULL),
(16,1,'会计初级',1,10),
(17,1,'注册税务师',2,10),
(18,1,'会计中级',3,10),
(19,1,'注册会计师',4,10),
(20,1,'统计师',5,10),
(21,1,'会计从业',1,11),
(25,1,'银行从业',2,11),
(26,1,'统计从业',3,11),
(27,1,'导游资格',4,11),
(29,1,'国家秘书',5,11),
(30,1,'职称计算机',1,12),
(31,1,'软件水平',2,12),
(32,1,'计算机三级',3,12),
(33,1,'计算机四级',4,12),
(34,1,'计算机基础',5,12),
(35,1,'国家公务员',1,13),
(36,1,'事业单位',2,13),
(37,1,'教师招聘',3,13),
(38,1,'政法干警',4,13),
(39,1,'村官',5,13),
(40,1,'职称英语',1,14),
(41,1,'研究生考试',2,14),
(42,1,'高考',3,14),
(43,1,'会计专科',4,14),
(44,1,'自考',5,14),
(46,1,'执业医师',1,15),
(47,1,'护士资格',2,15),
(48,1,'卫生技术资格',3,15),
(49,1,'初级护师',4,15),
(50,1,'临床助理',5,15);

/*!40101 SET SQL_MODE=@OLD_SQL_MODE */;
/*!40014 SET FOREIGN_KEY_CHECKS=@OLD_FOREIGN_KEY_CHECKS */;
/*!40014 SET UNIQUE_CHECKS=@OLD_UNIQUE_CHECKS */;
/*!40111 SET SQL_NOTES=@OLD_SQL_NOTES */;
